"","date","docs","time","hourlyrate"
"1",2008-12-01,7182,19641,21.94
"2",2008-12-02,6959,18900,22.09
"3",2008-12-03,7132,21036,20.34
"4",2008-12-04,6110,20698,17.71
"5",2008-12-05,8259,17387,28.5
"6",2008-12-08,6044,19754,18.36
"7",2008-12-09,5963,18908,18.92
"8",2008-12-10,7763,22950,20.3
"9",2008-12-11,8215,21477,22.95
"10",2008-12-12,6525,15852,24.7
"11",2008-12-15,6555,18450,21.32
"12",2008-12-16,8883,19800,26.92
"13",2008-12-17,9243,20211,27.44
"14",2008-12-18,7555,19278,23.51
"15",2008-12-19,6654,19434,20.54
"16",2008-12-22,9805,19963,29.47
"17",2008-12-23,8532,21914,23.36
"18",2008-12-24,7148,21230,20.2
"19",2008-12-26,6186,18094,20.51
"20",2008-12-29,6174,19953,18.57
"21",2008-12-30,5904,18464,19.19
"22",2008-12-31,6122,17062,21.53
"23",2009-01-02,7933,21096,22.56
"24",2009-01-05,7954,21150,22.56
"25",2009-01-06,9690,21558,26.97
"26",2009-01-07,8066,20700,23.38
"27",2009-01-08,9283,21488,25.92
"28",2009-01-09,7386,17426,25.43
"29",2009-01-12,9556,22500,25.48
"30",2009-01-13,6723,22500,17.93
"31",2009-01-14,8072,23850,20.31
"32",2009-01-15,6689,22500,17.84
"33",2009-01-16,6296,20250,18.65
"34",2009-01-20,6881,18900,21.84
"35",2009-01-21,7165,20250,21.23
"36",2009-01-22,7121,21150,20.2
"37",2009-01-23,6553,22500,17.47
"38",2009-01-26,6879,19350,21.33
"39",2009-01-27,8415,23850,21.17
"40",2009-01-28,7149,22950,18.69
"41",2009-01-29,6589,22050,17.93
"42",2009-01-30,7508,19758,22.8
"43",2009-02-02,8180,21600,22.72
"44",2009-02-03,8468,21150,24.02
"45",2009-02-04,9543,19350,29.59
"46",2009-02-05,9720,20700,28.17
"47",2009-02-06,7423,20841,21.37
"48",2009-02-09,7674,21150,21.77
"49",2009-02-10,6839,20250,20.26
"50",2009-02-11,6972,20935,19.98
"51",2009-02-12,7698,21150,21.84
"52",2009-02-13,7552,18586,24.38
"53",2009-02-17,7748,21600,21.52
"54",2009-02-18,7272,21150,20.63
"55",2009-02-19,8025,20696,23.27
"56",2009-02-20,8221,19202,25.69
"57",2009-02-23,7638,22050,20.78
"58",2009-02-24,9553,21600,26.54
"59",2009-02-25,8335,21600,23.15
"60",2009-02-26,8976,20700,26.02
"61",2009-02-27,7236,18900,22.97
"62",2009-03-02,8889,22950,23.24
"63",2009-03-03,9010,22950,23.56
"64",2009-03-04,8067,19350,25.01
"65",2009-03-05,8642,19711,26.31
"66",2009-03-06,7531,19840,22.78
"67",2009-03-09,8825,19350,27.36
"68",2009-03-10,8507,20700,24.66
"69",2009-03-11,9589,22500,25.57
"70",2009-03-12,9635,20256,28.54
"71",2009-03-13,8744,17626,29.77
"72",2009-03-16,8373,19350,25.96
"73",2009-03-17,9628,21150,27.31
"74",2009-03-18,7389,20700,21.42
"75",2009-03-19,8321,19800,25.22
"76",2009-03-20,8863,19350,27.48
"77",2009-03-21,10,450,1.33
"78",2009-03-23,7159,18900,22.73
"79",2009-03-24,6908,17550,23.62
"80",2009-03-25,7270,17352,25.14
"81",2009-03-26,7125,19350,22.09
"82",2009-03-27,7174,19856,21.68
"83",2009-03-30,7700,22050,20.95
"84",2009-03-31,7961,21600,22.11
"85",2009-04-01,8136,18000,27.12
"86",2009-04-02,7675,21150,21.77
"87",2009-04-03,8786,19800,26.62
"88",2009-04-06,6724,16200,24.9
"89",2009-04-07,7979,21600,22.16
"90",2009-04-08,8458,21150,23.99
"91",2009-04-09,7769,19800,23.54
"92",2009-04-10,7386,18450,24.02
"93",2009-04-13,9132,21600,25.37
"94",2009-04-14,8624,22500,23
"95",2009-04-15,8737,22050,23.77
"96",2009-04-16,10299,22050,28.02
"97",2009-04-17,7629,19800,23.12
"98",2009-04-20,8035,21135,22.81
"99",2009-04-21,8643,21150,24.52
"100",2009-04-22,8285,22366,22.23
"101",2009-04-23,8587,21600,23.85
"102",2009-04-24,6889,18450,22.4
"103",2009-04-27,9134,19800,27.68
"104",2009-04-28,8806,21150,24.98
"105",2009-04-29,6170,20700,17.88
"106",2009-04-30,7924,19800,24.01
"107",2009-05-01,7364,18450,23.95
"108",2009-05-04,9777,21949,26.73
"109",2009-05-05,8597,20982,24.58
"110",2009-05-06,8421,19720,25.62
"111",2009-05-07,8081,22050,21.99
"112",2009-05-08,5613,18450,18.25
"113",2009-05-11,7483,19350,23.2
"114",2009-05-12,7736,19800,23.44
"115",2009-05-13,10146,21150,28.78
"116",2009-05-14,8989,19800,27.24
"117",2009-05-15,7575,18900,24.05
"118",2009-05-18,8555,20250,25.35
"119",2009-05-19,6159,18000,20.53
"120",2009-05-20,7788,18450,25.33
"121",2009-05-21,7501,18671,24.1
"122",2009-05-22,6341,14026,27.13
"123",2009-05-26,7882,18450,25.63
"124",2009-05-27,8452,20250,25.04
"125",2009-05-28,9472,21772,26.1
"126",2009-05-29,8387,20250,24.85
"127",2009-05-30,25,900,1.67
"128",2009-06-01,9708,21600,26.97
"129",2009-06-02,9149,21600,25.41
"130",2009-06-03,8279,20250,24.53
"131",2009-06-04,7926,19350,24.58
"132",2009-06-05,9420,21600,26.17
"133",2009-06-08,7636,17100,26.79
"134",2009-06-09,8766,18900,27.83
"135",2009-06-10,8884,20700,25.75
"136",2009-06-11,8476,19800,25.68
"137",2009-06-12,8193,19350,25.4
"138",2009-06-15,8368,20700,24.26
"139",2009-06-16,9870,22050,26.86
"140",2009-06-17,10280,20700,29.8
"141",2009-06-18,8201,18900,26.03
"142",2009-06-19,8212,21150,23.3
"143",2009-06-22,5891,16650,21.23
"144",2009-06-23,8111,19350,25.15
"145",2009-06-24,7651,16200,28.34
"146",2009-06-25,7334,17550,25.07
"147",2009-06-26,8257,19350,25.6
"148",2009-06-29,7988,20250,23.67
"149",2009-06-30,8505,21150,24.13
"150",2009-07-01,8128,19800,24.63
"151",2009-07-02,7607,18900,24.15
"152",2009-07-06,8140,20250,24.12
"153",2009-07-07,8756,19350,27.15
"154",2009-07-08,8955,19800,27.14
"155",2009-07-09,8730,18000,29.1
"156",2009-07-10,8327,15750,31.72
"157",2009-07-13,7743,17550,26.47
"158",2009-07-14,7680,19350,23.81
"159",2009-07-15,9575,20700,27.75
"160",2009-07-16,8879,19800,26.91
"161",2009-07-17,7941,17100,27.86
"162",2009-07-20,8656,19350,26.84
"163",2009-07-21,8412,18000,28.04
"164",2009-07-22,7980,18450,25.95
"165",2009-07-23,7418,17100,26.03
"166",2009-07-24,8492,19350,26.33
"167",2009-07-27,9271,20700,26.87
"168",2009-07-28,9933,20250,29.43
"169",2009-07-29,10644,19350,33
"170",2009-07-30,6923,17545,23.68
"171",2009-07-31,7601,18515,24.63
"172",2009-08-03,7023,16200,26.01
"173",2009-08-04,8460,19350,26.23
"174",2009-08-05,8486,18981,26.82
"175",2009-08-06,8696,17100,30.51
"176",2009-08-07,7416,15300,29.08
"177",2009-08-10,8962,18450,29.14
"178",2009-08-11,9841,18900,31.24
"179",2009-08-12,9438,20700,27.36
"180",2009-08-13,8368,19800,25.36
"181",2009-08-14,7799,18450,25.36
"182",2009-08-17,9351,18000,31.17
"183",2009-08-18,9205,19800,27.89
"184",2009-08-19,8685,21130,24.66
"185",2009-08-20,9047,19800,27.42
"186",2009-08-21,8012,19186,25.06
"187",2009-08-24,6719,18000,22.4
"188",2009-08-25,7135,19350,22.12
"189",2009-08-26,8555,19350,26.53
"190",2009-08-27,6974,18450,22.68
"191",2009-08-28,6408,18900,20.34
"192",2009-08-31,6481,17100,22.74
"193",2009-09-01,6210,16650,22.38
"194",2009-09-02,7820,18900,24.83
"195",2009-09-03,6978,18900,22.15
"196",2009-09-04,5930,17100,20.81
"197",2009-09-08,7615,18450,24.76
"198",2009-09-09,7970,18450,25.92
"199",2009-09-10,8038,17550,27.48
"200",2009-09-11,7647,19350,23.71
"201",2009-09-14,6690,18900,21.24
"202",2009-09-15,7308,18900,23.2
"203",2009-09-16,7702,20250,22.82
"204",2009-09-17,6788,19478,20.91
"205",2009-09-18,7363,16944,26.07
"206",2009-09-21,6730,19350,20.87
"207",2009-09-22,6734,21600,18.71
"208",2009-09-23,7315,17550,25.01
"209",2009-09-24,6253,18900,19.85
"210",2009-09-25,5208,15300,20.42
"211",2009-09-28,8268,21150,23.46
"212",2009-09-29,8549,21600,23.75
"213",2009-09-30,9491,22500,25.31
"214",2009-10-01,7473,21150,21.2
"215",2009-10-02,7438,18900,23.61
"216",2009-10-05,8211,19350,25.46
"217",2009-10-06,8461,19800,25.64
"218",2009-10-07,7807,18000,26.02
"219",2009-10-08,8169,21600,22.69
"220",2009-10-09,6833,19800,20.71
"221",2009-10-13,7182,18000,23.94
"222",2009-10-14,6769,17550,23.14
"223",2009-10-15,7995,19323,24.83
"224",2009-10-16,6869,18000,22.9
"225",2009-10-19,6074,14850,24.54
"226",2009-10-20,7295,17100,25.6
"227",2009-10-21,8230,20250,24.39
"228",2009-10-22,7304,19800,22.13
"229",2009-10-23,6989,17479,23.99
"230",2009-10-26,6647,18900,21.1
"231",2009-10-27,8536,19800,25.87
"232",2009-10-28,7234,18000,24.11
"233",2009-10-29,7817,18450,25.42
"234",2009-10-30,5961,17550,20.38
"235",2009-11-02,7129,18900,22.63
"236",2009-11-03,8280,22950,21.65
"237",2009-11-04,7109,22050,19.34
"238",2009-11-05,7626,22950,19.94
"239",2009-11-06,7878,20700,22.83
"240",2009-11-09,7532,23400,19.31
"241",2009-11-10,6978,25200,16.61
"242",2009-11-12,10286,24463,25.23
"243",2009-11-13,10462,21194,29.62
"244",2009-11-16,9275,25650,21.7
"245",2009-11-17,11056,24750,26.8
"246",2009-11-18,10311,24300,25.46
"247",2009-11-19,7912,23850,19.9
"248",2009-11-20,8734,24750,21.17
"249",2009-11-23,10335,21600,28.71
"250",2009-11-24,9460,22950,24.73
"251",2009-11-25,7852,22950,20.53
"252",2009-11-30,10713,25650,25.06
"253",2009-12-01,9516,22500,25.38
"254",2009-12-02,10611,23692,26.87
"255",2009-12-03,9680,23850,24.35
"256",2009-12-04,8942,22050,24.33
"257",2009-12-07,9156,21740,25.27
"258",2009-12-08,10198,24893,24.58
"259",2009-12-09,10074,24300,24.87
"260",2009-12-10,9475,22500,25.27
"261",2009-12-11,6508,18900,20.66
"262",2009-12-14,11128,22575,29.58
"263",2009-12-15,9135,23850,22.98
"264",2009-12-16,10517,23850,26.46
"265",2009-12-17,8274,21538,23.05
"266",2009-12-18,9748,20222,28.92
"267",2009-12-21,8711,23233,22.5
"268",2009-12-22,7318,20250,21.68
"269",2009-12-23,9351,23430,23.95
"270",2009-12-24,7124,18223,23.46
"271",2009-12-28,8400,24750,20.36
"272",2009-12-29,7535,22950,19.7
"273",2009-12-30,7247,20700,21.01
"274",2009-12-31,7712,23400,19.77
"275",2010-01-04,8008,22050,21.79
"276",2010-01-05,7886,24300,19.47
"277",2010-01-06,6995,22500,18.65
"278",2010-01-07,7521,25650,17.59
"279",2010-01-08,6462,20700,18.73
"280",2010-01-11,7515,20700,21.78
"281",2010-01-12,8510,23850,21.41
"282",2010-01-13,7744,24750,18.77
"283",2010-01-14,6739,25650,15.76
"284",2010-01-15,6862,20700,19.89
"285",2010-01-19,8383,23850,21.09
"286",2010-01-20,6797,20700,19.7
"287",2010-01-21,8071,20250,23.91
"288",2010-01-22,7935,22500,21.16
"289",2010-01-25,8468,23850,21.3
"290",2010-01-26,6327,20700,18.34
"291",2010-01-27,6718,22500,17.91
"292",2010-01-28,8541,22500,22.78
"293",2010-01-29,8584,23850,21.59
"294",2010-02-01,7672,20700,22.24
"295",2010-02-02,7278,24300,17.97
"296",2010-02-03,6316,21905,17.3
"297",2010-02-04,5928,23501,15.13
"298",2010-02-05,7109,19460,21.92
"299",2010-02-08,6541,22950,17.1
"300",2010-02-09,7421,25650,17.36
"301",2010-02-10,6904,24750,16.74
"302",2010-02-11,5777,21509,16.12
"303",2010-02-12,6090,22949,15.92
"304",2010-02-16,7351,22950,19.22
"305",2010-02-17,7156,23296,18.43
"306",2010-02-18,6964,22282,18.75
"307",2010-02-19,5854,20255,17.34
"308",2010-02-22,7017,21033,20.02
"309",2010-02-23,6130,23400,15.72
"310",2010-02-24,6899,22950,18.04
"311",2010-02-25,6447,22500,17.19
"312",2010-02-26,7249,23400,18.59
"313",2010-03-01,7985,24300,19.72
"314",2010-03-02,7660,24750,18.57
"315",2010-03-03,8266,24300,20.41
"316",2010-03-04,8743,23522,22.3
"317",2010-03-05,8266,22334,22.21
"318",2010-03-08,8268,21574,22.99
"319",2010-03-09,7573,22950,19.8
"320",2010-03-10,7608,22950,19.89
"321",2010-03-11,10086,23850,25.37
"322",2010-03-12,6865,21150,19.48
"323",2010-03-15,6723,22500,17.93
"324",2010-03-16,6363,22050,17.31
"325",2010-03-17,9831,22050,26.75
"326",2010-03-18,6836,19800,20.72
"327",2010-03-19,7465,22950,19.52
"328",2010-03-22,6400,19350,19.84
"329",2010-03-23,6666,22950,17.43
"330",2010-03-24,6498,24300,16.04
"331",2010-03-25,7493,23400,19.21
"332",2010-03-26,6608,19833,19.99
"333",2010-03-29,5728,20250,16.97
"334",2010-03-30,7641,21930,20.91
"335",2010-03-31,7130,20700,20.67
"336",2010-04-01,7820,23850,19.67
"337",2010-04-02,7367,22950,19.26
"338",2010-04-05,4398,19729,13.38
"339",2010-04-06,6257,18450,20.35
"340",2010-04-07,7824,18900,24.84
"341",2010-04-08,6977,18000,23.26
"342",2010-04-09,7049,18450,22.92
"343",2010-04-12,7491,21150,21.25
"344",2010-04-13,6569,21150,18.64
"345",2010-04-14,6925,20250,20.52
"346",2010-04-15,6769,20250,20.06
"347",2010-04-16,7722,19800,23.4
"348",2010-04-19,6797,20250,20.14
"349",2010-04-20,5448,19350,16.89
"350",2010-04-21,6647,18900,21.1
"351",2010-04-22,7882,20700,22.85
"352",2010-04-23,6405,21150,18.17
"353",2010-04-26,6967,21600,19.35
"354",2010-04-27,5886,22050,16.02
"355",2010-04-28,7203,23400,18.47
"356",2010-04-29,8641,22950,22.59
"357",2010-04-30,6608,20700,19.15
"358",2010-05-03,8387,20787,24.21
"359",2010-05-04,7342,22884,19.25
"360",2010-05-05,6779,19333,21.04
"361",2010-05-06,7097,20250,21.03
"362",2010-05-07,7440,19800,22.55
"363",2010-05-10,8478,22500,22.61
"364",2010-05-11,7045,21600,19.57
"365",2010-05-12,6965,22050,18.95
"366",2010-05-13,6986,22500,18.63
"367",2010-05-14,4998,20700,14.49
"368",2010-05-17,8356,20700,24.22
"369",2010-05-18,6068,22050,16.51
"370",2010-05-19,6091,22050,16.57
"371",2010-05-20,8016,23400,20.55
"372",2010-05-21,6188,22500,16.5
"373",2010-05-24,8521,21600,23.67
"374",2010-05-25,5417,22050,14.74
"375",2010-05-26,7581,22050,20.63
"376",2010-05-27,6698,21600,18.61
"377",2010-05-28,6091,20700,17.66
"378",2010-06-01,8240,20700,23.88
"379",2010-06-02,6291,21150,17.85
"380",2010-06-03,6811,21600,18.92
"381",2010-06-04,7440,22500,19.84
"382",2010-06-07,8411,21600,23.36
"383",2010-06-08,7820,18450,25.43
"384",2010-06-09,9090,22050,24.73
"385",2010-06-10,8462,22500,22.57
"386",2010-06-11,5565,18450,18.1
"387",2010-06-14,7701,21600,21.39
"388",2010-06-15,6420,22500,17.12
"389",2010-06-16,8074,21600,22.43
"390",2010-06-17,6695,22050,18.22
"391",2010-06-18,8088,22500,21.57
"392",2010-06-21,6496,20250,19.25
"393",2010-06-22,6763,19372,20.95
"394",2010-06-23,7261,19350,22.51
"395",2010-06-24,5728,18450,18.63
"396",2010-06-25,6389,19800,19.36
"397",2010-06-28,7892,18900,25.05
"398",2010-06-29,8004,20250,23.72
"399",2010-06-30,6614,19800,20.04
"400",2010-07-01,7310,19800,22.15
"401",2010-07-02,7425,19619,22.71
"402",2010-07-06,8330,20700,24.14
"403",2010-07-07,8433,19350,26.15
"404",2010-07-08,6816,17100,23.92
"405",2010-07-09,5360,12861,25.01
"406",2010-07-12,7244,18450,23.56
"407",2010-07-13,8188,21600,22.74
"408",2010-07-14,7665,21150,21.74
"409",2010-07-15,6286,18000,20.95
"410",2010-07-16,6288,17550,21.5
"411",2010-07-19,6387,16650,23.02
"412",2010-07-20,7303,18450,23.75
"413",2010-07-21,6750,17100,23.68
"414",2010-07-22,7513,18000,25.04
"415",2010-07-23,7311,17100,25.65
"416",2010-07-26,7543,18900,23.95
"417",2010-07-27,6542,18900,20.77
"418",2010-07-28,10720,22050,29.17
"419",2010-07-29,9880,21531,27.53
"420",2010-07-30,6142,18450,19.97
"421",2010-08-02,9909,21150,28.11
"422",2010-08-03,9324,21150,26.45
"423",2010-08-04,8206,20398,24.14
"424",2010-08-05,7931,19800,24.03
"425",2010-08-06,6998,18943,22.17
"426",2010-08-09,7080,20250,20.98
"427",2010-08-10,6643,19800,20.13
"428",2010-08-11,7874,21150,22.34
"429",2010-08-12,7096,20700,20.57
"430",2010-08-13,7081,20250,20.98
"431",2010-08-16,6964,18000,23.21
"432",2010-08-17,6464,20700,18.74
"433",2010-08-18,7761,18450,25.24
"434",2010-08-19,6574,20250,19.48
"435",2010-08-20,5972,18000,19.91
"436",2010-08-23,7965,22050,21.67
"437",2010-08-24,6693,18000,22.31
"438",2010-08-25,7602,19800,23.04
"439",2010-08-26,8082,21150,22.93
"440",2010-08-27,7140,19800,21.64
"441",2010-08-30,8505,21600,23.62
"442",2010-08-31,7396,18900,23.48
"443",2010-09-01,9006,19800,27.29
"444",2010-09-02,9197,19800,27.87
"445",2010-09-03,6737,18450,21.91
"446",2010-09-07,8491,20250,25.16
"447",2010-09-08,8766,20250,25.97
"448",2010-09-09,8156,20700,23.64
"449",2010-09-10,7530,18900,23.9
"450",2010-09-13,7242,18900,22.99
"451",2010-09-14,7088,21150,20.11
"452",2010-09-15,12399,21150,35.17
"453",2010-09-16,9209,18450,29.95
"454",2010-09-17,7907,17100,27.74
"455",2010-09-20,7809,20250,23.14
"456",2010-09-21,7834,18900,24.87
"457",2010-09-22,7884,19800,23.89
"458",2010-09-23,7312,18900,23.21
"459",2010-09-24,7902,18189,26.07
"460",2010-09-27,8206,19800,24.87
"461",2010-09-28,7676,19800,23.26
"462",2010-09-29,8049,20250,23.85
"463",2010-09-30,7711,20250,22.85
"464",2010-10-01,7844,18450,25.51
"465",2010-10-04,7526,18000,25.09
"466",2010-10-05,7461,18450,24.26
"467",2010-10-06,8663,19350,26.86
"468",2010-10-07,7448,16650,26.84
"469",2010-10-08,6768,15750,25.78
"470",2010-10-12,8253,18450,26.84
"471",2010-10-13,7159,18900,22.73
"472",2010-10-14,7811,19800,23.67
"473",2010-10-15,7846,18450,25.52
"474",2010-10-18,6682,17100,23.45
"475",2010-10-19,7476,17100,26.23
"476",2010-10-20,8601,19350,26.67
"477",2010-10-21,7649,19350,23.72
"478",2010-10-22,7334,17014,25.86
"479",2010-10-25,7634,18450,24.83
"480",2010-10-26,7293,18900,23.15
"481",2010-10-27,9425,19800,28.56
"482",2010-10-28,6934,18000,23.11
"483",2010-10-29,6180,17100,21.68
"484",2010-11-01,7021,18900,22.29
"485",2010-11-02,6348,16650,22.88
"486",2010-11-03,6346,18450,20.64
"487",2010-11-04,6466,15300,25.36
"488",2010-11-05,7357,16650,26.51
"489",2010-11-08,5791,16200,21.45
"490",2010-11-09,5998,14850,24.23
"491",2010-11-10,5001,13950,21.51
"492",2010-11-12,6762,14400,28.18
"493",2010-11-15,7188,15750,27.38
"494",2010-11-16,6385,16200,23.65
"495",2010-11-17,9745,16200,36.09
"496",2010-11-18,8888,16650,32.03
"497",2010-11-19,5586,13950,24.03
"498",2010-11-22,8931,14850,36.08
"499",2010-11-23,8083,13050,37.16
"500",2010-11-24,9187,16200,34.03
"501",2010-11-29,8886,17550,30.38
"502",2010-11-30,8859,17550,30.29
"503",2010-12-01,9823,15750,37.42
"504",2010-12-02,11053,18900,35.09
"505",2010-12-03,9977,18450,32.45
"506",2010-12-06,10072,19350,31.23
"507",2010-12-07,9528,17550,32.57
"508",2010-12-08,9359,18900,29.71
"509",2010-12-09,8765,18900,27.83
"510",2010-12-10,6906,17550,23.61
"511",2010-12-13,8774,19350,27.21
"512",2010-12-14,7081,18000,23.6
"513",2010-12-15,9310,20250,27.59
"514",2010-12-16,8839,18450,28.74
"515",2010-12-17,7077,17100,24.83
"516",2010-12-20,7898,16200,29.25
"517",2010-12-21,8893,19350,27.58
"518",2010-12-22,12307,19353,38.16
"519",2010-12-23,10839,18000,36.13
"520",2010-12-24,8258,12150,40.78
"521",2010-12-27,12323,19800,37.34
"522",2010-12-28,11649,17940,38.96
"523",2010-12-29,10582,19350,32.81
"524",2010-12-30,12779,19482,39.36
"525",2011-01-03,9420,17550,32.21
"526",2011-01-04,10029,17550,34.29
"527",2011-01-05,10781,20250,31.94
"528",2011-01-06,13097,19350,40.61
"529",2011-01-07,12586,18900,39.96
"530",2011-01-08,8201,12150,40.5
"531",2011-01-10,11499,17550,39.31
"532",2011-01-11,11783,20250,34.91
"533",2011-01-12,10584,19800,32.07
"534",2011-01-13,11147,19350,34.56
"535",2011-01-14,9197,18450,29.91
"536",2011-01-18,8351,18000,27.84
"537",2011-01-19,7806,17100,27.39
"538",2011-01-20,8715,16200,32.28
"539",2011-01-21,7867,16200,29.14
"540",2011-01-24,8179,17550,27.96
"541",2011-01-25,8651,18900,27.46
"542",2011-01-26,10108,18900,32.09
"543",2011-01-27,8478,17100,29.75
"544",2011-01-28,7665,18450,24.93
"545",2011-01-31,9193,18450,29.9
"546",2011-02-01,7347,17550,25.12
"547",2011-02-02,6885,13500,30.6
"548",2011-02-03,7941,17100,27.86
"549",2011-02-04,7152,15300,28.05
"550",2011-02-07,8254,18450,26.84
"551",2011-02-08,8899,17100,31.22
"552",2011-02-09,10185,20700,29.52
"553",2011-02-10,9445,19800,28.62
"554",2011-02-11,7297,18000,24.32
"555",2011-02-14,9135,19800,27.68
"556",2011-02-15,8040,20250,23.82
"557",2011-02-16,8487,19350,26.32
"558",2011-02-17,7632,18000,25.44
"559",2011-02-18,7387,18414,24.07
"560",2011-02-22,6286,17100,22.06
"561",2011-02-23,7754,18000,25.85
"562",2011-02-24,9132,19350,28.32
"563",2011-02-25,7326,18000,24.42
"564",2011-02-28,9294,19350,28.82
"565",2011-03-01,6619,18450,21.53
"566",2011-03-02,7519,17550,25.71
"567",2011-03-03,5872,17550,20.08
"568",2011-03-04,7343,20250,21.76
"569",2011-03-07,7983,18450,25.96
"570",2011-03-08,6937,17550,23.72
"571",2011-03-09,8448,18900,26.82
"572",2011-03-10,7271,18000,24.24
"573",2011-03-11,8917,18450,29
"574",2011-03-14,8289,18900,26.31
"575",2011-03-15,7798,18900,24.76
"576",2011-03-16,7899,18000,26.33
"577",2011-03-17,7411,17550,25.34
"578",2011-03-18,6772,17550,23.15
"579",2011-03-21,6834,18450,22.22
"580",2011-03-22,5982,19800,18.13
"581",2011-03-23,8115,17550,27.74
"582",2011-03-24,7487,19800,22.69
"583",2011-03-25,7537,18000,25.12
"584",2011-03-28,6582,19350,20.41
"585",2011-03-29,7286,19350,22.59
"586",2011-03-30,7733,20500,22.63
"587",2011-03-31,6818,19350,21.14
"588",2011-04-01,4793,16863,17.05
"589",2011-04-04,7160,17100,25.12
"590",2011-04-05,7434,18900,23.6
"591",2011-04-06,8303,19350,25.75
"592",2011-04-07,6096,19350,18.9
"593",2011-04-08,6009,18450,19.54
"594",2011-04-11,6748,22050,18.36
"595",2011-04-12,4661,19800,14.12
"596",2011-04-13,6541,22066,17.79
"597",2011-04-14,7625,22500,20.33
"598",2011-04-15,5789,21600,16.08
"599",2011-04-18,5749,21088,16.36
"600",2011-04-19,6868,20700,19.91
"601",2011-04-20,9230,20250,27.35
"602",2011-04-21,6407,21150,18.18
"603",2011-04-22,7682,21150,21.79
"604",2011-04-25,8229,20250,24.38
"605",2011-04-26,6621,22500,17.66
"606",2011-04-27,6727,21847,18.47
"607",2011-04-28,6234,22050,16.96
"608",2011-04-29,5795,20250,17.17
"609",2011-05-02,6388,19237,19.92
"610",2011-05-03,5560,21600,15.44
"611",2011-05-04,6640,20261,19.66
"612",2011-05-05,6814,21150,19.33
"613",2011-05-06,6509,22050,17.71
"614",2011-05-09,5849,18900,18.57
"615",2011-05-10,4745,19800,14.38
"616",2011-05-11,5372,20700,15.57
"617",2011-05-12,7083,21600,19.68
"618",2011-05-13,6155,20250,18.24
"619",2011-05-16,6207,19800,18.81
"620",2011-05-17,5057,19800,15.32
"621",2011-05-18,7248,20700,21.01
"622",2011-05-19,5510,21600,15.31
"623",2011-05-20,6093,18450,19.81
"624",2011-05-23,6479,21600,18
"625",2011-05-24,5904,20250,17.49
"626",2011-05-25,5710,22500,15.23
"627",2011-05-26,6082,20700,17.63
"628",2011-05-27,5459,21150,15.49
"629",2011-05-31,6214,20700,18.01
"630",2011-06-01,6973,20250,20.66
"631",2011-06-02,7525,19800,22.8
"632",2011-06-03,5551,17100,19.48
"633",2011-06-06,6875,20250,20.37
"634",2011-06-07,4516,21600,12.54
"635",2011-06-08,6724,21600,18.68
"636",2011-06-09,6704,22500,17.88
"637",2011-06-10,6150,19800,18.64
"638",2011-06-13,5633,20250,16.69
"639",2011-06-14,5138,20700,14.89
"640",2011-06-15,5917,21600,16.44
"641",2011-06-16,6357,19800,19.26
"642",2011-06-17,5279,19350,16.37
"643",2011-06-20,6368,21150,18.07
"644",2011-06-21,6506,22500,17.35
"645",2011-06-22,6763,20700,19.6
"646",2011-06-23,6373,20271,18.86
"647",2011-06-24,5971,21150,16.94
"648",2011-06-27,7084,18450,23.04
"649",2011-06-28,6706,20250,19.87
"650",2011-06-29,6521,20250,19.32
"651",2011-06-30,5845,19800,17.71
"652",2011-07-01,7771,21600,21.59
"653",2011-07-05,7043,19800,21.34
"654",2011-07-06,7982,21150,22.64
"655",2011-07-07,7707,20700,22.34
"656",2011-07-08,6540,19800,19.82
"657",2011-07-11,7316,21150,20.75
"658",2011-07-12,5175,20486,15.16
"659",2011-07-13,5647,20700,16.37
"660",2011-07-14,6141,21135,17.43
"661",2011-07-15,5147,20831,14.83
"662",2011-07-18,5611,19570,17.2
"663",2011-07-19,4830,17779,16.3
"664",2011-07-20,6271,19411,19.38
"665",2011-07-21,6921,20424,20.33
"666",2011-07-22,6233,19924,18.77
"667",2011-07-25,5932,18052,19.72
"668",2011-07-26,4242,19025,13.38
"669",2011-07-27,6020,18661,19.36
"670",2011-07-28,8532,18609,27.51
"671",2011-07-29,8348,17907,27.97
"672",2011-08-01,7226,18133,23.91
"673",2011-08-02,7272,18018,24.22
"674",2011-08-03,7941,19806,24.06
"675",2011-08-04,7687,18508,24.92
"676",2011-08-05,7122,19543,21.87
"677",2011-08-08,7885,20925,22.61
"678",2011-08-09,6993,20666,20.3
"679",2011-08-10,7615,20361,22.44
"680",2011-08-11,6694,20387,19.7
"681",2011-08-12,6478,19549,19.88
"682",2011-08-15,5927,20157,17.64
"683",2011-08-16,6404,20064,19.15
"684",2011-08-17,6735,19572,20.65
"685",2011-08-18,7099,19392,21.96
"686",2011-08-19,6583,17747,22.26
"687",2011-08-22,6522,18412,21.25
"688",2011-08-23,7096,17566,24.24
"689",2011-08-24,6035,17073,21.21
"690",2011-08-25,7089,19353,21.98
"691",2011-08-26,7294,18360,23.84
"692",2011-08-29,6839,18429,22.27
"693",2011-08-30,6238,18927,19.77
"694",2011-08-31,7189,18155,23.76
"695",2011-09-01,7013,19142,21.98
"696",2011-09-02,8060,18839,25.67
"697",2011-09-06,8443,19059,26.58
"698",2011-09-07,8572,18770,27.4
"699",2011-09-08,7400,19304,23
"700",2011-09-09,8346,19272,25.98
"701",2011-09-12,8040,21590,22.34
"702",2011-09-13,8195,21763,22.59
"703",2011-09-14,7553,18444,24.57
"704",2011-09-15,7974,21891,21.86
"705",2011-09-16,6062,19849,18.32
"706",2011-09-19,7148,18251,23.5
"707",2011-09-20,5846,18827,18.63
"708",2011-09-21,6106,17281,21.2
"709",2011-09-22,6553,18009,21.83
"710",2011-09-23,5303,17669,18.01
"711",2011-09-26,6201,17842,20.85
"712",2011-09-27,7866,19335,24.41
"713",2011-09-28,5909,19091,18.57
"714",2011-09-29,7007,19421,21.65
"715",2011-09-30,6608,17233,23.01
"716",2011-10-03,6298,18368,20.57
"717",2011-10-04,7335,17123,25.7
"718",2011-10-05,7613,17217,26.53
"719",2011-10-06,6391,17256,22.22
"720",2011-10-07,6280,17296,21.79
"721",2011-10-11,7602,19235,23.71
"722",2011-10-12,8101,18424,26.38
"723",2011-10-13,6857,18193,22.61
"724",2011-10-14,7656,19484,23.58
"725",2011-10-17,6703,17748,22.66
"726",2011-10-18,7811,17843,26.27
"727",2011-10-19,7412,19037,23.36
"728",2011-10-20,7203,19446,22.22
"729",2011-10-21,5219,14622,21.42
"730",2011-10-24,6780,16793,24.22
"731",2011-10-25,6673,17412,22.99
"732",2011-10-26,8033,18101,26.63
"733",2011-10-27,7581,18558,24.51
"734",2011-10-28,6821,17145,23.87
"735",2011-10-31,7182,17559,24.54
"736",2011-11-01,6100,18455,19.83
"737",2011-11-02,7594,19778,23.04
"738",2011-11-03,7035,15329,27.54
"739",2011-11-04,6908,14923,27.77
"740",2011-11-07,6585,15524,25.45
"741",2011-11-08,5916,14798,23.99
"742",2011-11-09,6986,14886,28.16
"743",2011-11-10,6896,15484,26.72
"744",2011-11-14,6883,14454,28.57
"745",2011-11-15,7103,15929,26.75
"746",2011-11-16,9262,19487,28.52
"747",2011-11-17,8460,19748,25.7
"748",2011-11-18,9952,20463,29.18
"749",2011-11-21,7268,18290,23.84
"750",2011-11-22,7800,20015,23.38
"751",2011-11-23,8513,19116,26.72
"752",2011-11-28,9672,19685,29.48
"753",2011-11-29,6890,18918,21.85
"754",2011-11-30,7630,17421,26.28
"755",2011-12-01,5898,14609,24.22
"756",2011-12-02,7095,16604,25.64
"757",2011-12-05,8292,17559,28.33
"758",2011-12-06,8064,18252,26.51
"759",2011-12-07,9291,17716,31.47
"760",2011-12-08,7182,18438,23.37
"761",2011-12-09,6971,16526,25.31
"762",2011-12-12,7454,19799,22.59
"763",2011-12-13,6744,20354,19.88
"764",2011-12-14,7217,18018,24.03
"765",2011-12-15,9261,19697,28.21
"766",2011-12-16,6908,19686,21.05
"767",2011-12-19,7135,19068,22.45
"768",2011-12-20,7322,18348,23.94
"769",2011-12-21,8281,17091,29.07
"770",2011-12-22,7714,20053,23.08
"771",2011-12-23,6665,17488,22.87
"772",2011-12-27,6463,18196,21.31
"773",2011-12-28,8160,18569,26.37
"774",2011-12-29,8269,16911,29.34
"775",2011-12-30,7147,16453,26.06
"776",2012-01-03,7777,18215,25.62
"777",2012-01-04,8789,19042,27.69
"778",2012-01-05,8274,17849,27.81
"779",2012-01-06,7958,18913,25.25
"780",2012-01-09,11224,20419,32.98
"781",2012-01-10,9431,20361,27.79
"782",2012-01-11,10472,19824,31.69
"783",2012-01-12,11046,20201,32.81
"784",2012-01-13,8421,19480,25.94
"785",2012-01-17,9045,21069,25.76
"786",2012-01-18,9382,18765,30
"787",2012-01-19,11407,20839,32.84
"788",2012-01-20,7514,19230,23.44
"789",2012-01-23,8416,18935,26.67
"790",2012-01-24,9024,19307,28.04
"791",2012-01-25,9744,17198,33.99
"792",2012-01-26,9621,19583,29.48
"793",2012-01-27,8814,16789,31.5
"794",2012-01-30,10475,21083,29.81
"795",2012-01-31,8800,20609,25.62
"796",2012-02-01,10255,19196,32.05
"797",2012-02-02,9364,19390,28.98
"798",2012-02-03,9970,20046,29.84
"799",2012-02-06,8868,19488,27.3
"800",2012-02-07,8574,20576,25
"801",2012-02-08,7891,17287,27.39
"802",2012-02-09,5401,18519,17.5
"803",2012-02-10,5984,17094,21
"804",2012-02-13,6808,19813,20.62
"805",2012-02-14,6054,19433,18.69
"806",2012-02-15,7582,18917,24.05
"807",2012-02-16,6456,20564,18.84
"808",2012-02-17,5830,18447,18.96
"809",2012-02-21,7654,17730,25.9
"810",2012-02-22,6338,19049,19.96
"811",2012-02-23,8581,18507,27.82
"812",2012-02-24,6382,18649,20.53
"813",2012-02-27,6932,19911,20.89
"814",2012-02-28,7325,19472,22.57
"815",2012-02-29,6549,19273,20.39
"816",2012-03-01,8073,18556,26.1
"817",2012-03-02,8736,17934,29.23
"818",2012-03-05,7031,19484,21.65
"819",2012-03-06,7300,20159,21.73
"820",2012-03-07,8373,20149,24.93
"821",2012-03-08,10472,19411,32.37
"822",2012-03-09,7550,17759,25.51
"823",2012-03-12,6944,17909,23.26
"824",2012-03-13,5626,17311,19.5
"825",2012-03-14,8347,17564,28.51
"826",2012-03-15,9094,17365,31.42
"827",2012-03-16,8634,16740,30.95
"828",2012-03-19,8125,16179,30.13
"829",2012-03-20,7005,15176,27.7
"830",2012-03-21,8610,16996,30.4
"831",2012-03-22,7801,17667,26.49
"832",2012-03-23,6601,18392,21.53
"833",2012-03-26,6196,18465,20.13
"834",2012-03-27,5961,18197,19.65
"835",2012-03-28,6572,17831,22.11
"836",2012-03-29,7007,17496,24.03
"837",2012-03-30,6228,15440,24.2
"838",2012-04-02,6785,16204,25.12
"839",2012-04-03,7184,16379,26.32
"840",2012-04-04,9025,17487,30.97
"841",2012-04-05,7605,17246,26.46
"842",2012-04-06,7027,16345,25.8
"843",2012-04-09,9128,17492,31.31
"844",2012-04-10,4887,17034,17.21
"845",2012-04-11,7199,16884,25.58
"846",2012-04-12,6805,18281,22.33
"847",2012-04-13,6830,16291,25.15
"848",2012-04-16,6732,16332,24.73
"849",2012-04-17,5395,16352,19.8
"850",2012-04-18,7203,15702,27.52
"851",2012-04-19,7586,17943,25.37
"852",2012-04-20,7165,17546,24.5
"853",2012-04-23,6555,16118,24.4
"854",2012-04-24,6078,17969,20.29
"855",2012-04-25,5440,16193,20.16
"856",2012-04-26,8587,15986,32.23
"857",2012-04-27,6665,16924,23.63
"858",2012-04-30,6263,16068,23.39
"859",2012-05-01,7237,16458,26.38
"860",2012-05-02,8955,17204,31.23
"861",2012-05-03,7346,15829,27.85
"862",2012-05-04,6828,15977,25.64
"863",2012-05-07,6702,15085,26.66
"864",2012-05-08,7243,15177,28.63
"865",2012-05-09,7273,17218,25.34
"866",2012-05-10,9386,16450,34.23
"867",2012-05-11,7502,16147,27.88
"868",2012-05-14,7780,16967,27.51
"869",2012-05-15,7802,17217,27.19
"870",2012-05-16,8160,17703,27.66
"871",2012-05-17,8890,17751,30.05
"872",2012-05-18,7837,15851,29.67
"873",2012-05-21,6909,16112,25.73
"874",2012-05-22,6676,16804,23.84
"875",2012-05-23,7843,15780,29.82
"876",2012-05-24,8199,16655,29.54
"877",2012-05-25,7824,15843,29.63
"878",2012-05-29,8038,16712,28.86
"879",2012-05-30,8172,17269,28.39
"880",2012-05-31,7763,17573,26.51
"881",2012-06-01,7920,16649,28.54
"882",2012-06-04,8467,18295,27.77
"883",2012-06-05,6684,14006,28.63
"884",2012-06-06,7902,16406,28.9
"885",2012-06-07,5935,14130,25.2
"886",2012-06-08,6774,14593,27.85
"887",2012-06-11,6847,14664,28.02
"888",2012-06-12,6658,14938,26.74
"889",2012-06-13,6120,14293,25.69
"890",2012-06-14,7239,15523,27.98
"891",2012-06-15,7414,15915,27.95
"892",2012-06-18,7351,14874,29.65
"893",2012-06-19,6685,14646,27.39
"894",2012-06-20,7189,15839,27.23
"895",2012-06-21,7213,14904,29.04
"896",2012-06-22,7088,14520,29.29
"897",2012-06-25,7991,16905,28.36
"898",2012-06-26,7839,17245,27.27
"899",2012-06-27,8433,17454,28.99
"900",2012-06-28,7603,17010,26.82
"901",2012-06-29,6687,15888,25.25
"902",2012-07-02,7429,16397,27.18
"903",2012-07-03,7367,16843,26.24
"904",2012-07-05,8385,17176,29.29
"905",2012-07-06,8460,16828,30.16
"906",2012-07-09,8206,17693,27.83
"907",2012-07-10,7516,18015,25.03
"908",2012-07-11,8331,17510,28.55
"909",2012-07-12,7205,16511,26.18
"910",2012-07-13,8152,17503,27.94
"911",2012-07-16,7783,15883,29.4
"912",2012-07-17,7652,17157,26.76
"913",2012-07-18,8306,17406,28.63
"914",2012-07-19,8295,17451,28.52
"915",2012-07-20,7606,17130,26.64
"916",2012-07-23,7371,16042,27.57
"917",2012-07-24,7378,15288,28.96
"918",2012-07-25,7827,15811,29.7
"919",2012-07-26,6374,14823,25.8
"920",2012-07-27,8205,16098,30.58
"921",2012-07-30,7252,15493,28.08
"922",2012-07-31,8457,17853,28.42
"923",2012-08-01,8024,16116,29.87
"924",2012-08-02,6009,13862,26.01
"925",2012-08-03,6799,14324,28.48
"926",2012-08-06,6662,13741,29.09
"927",2012-08-07,6705,16560,24.29
"928",2012-08-08,8078,16194,29.93
"929",2012-08-09,6420,15628,24.65
"930",2012-08-10,6289,15158,24.89
"931",2012-08-13,8257,14592,33.95
"932",2012-08-14,6720,15015,26.85
"933",2012-08-15,7677,16128,28.56
"934",2012-08-16,9691,16311,35.65
"935",2012-08-17,6487,15278,25.48
"936",2012-08-20,8395,17052,29.54
"937",2012-08-21,6619,16420,24.19
"938",2012-08-22,9249,17689,31.37
"939",2012-08-23,8243,17493,28.27
"940",2012-08-24,7313,15805,27.76
"941",2012-08-27,7829,16717,28.1
"942",2012-08-28,8238,18026,27.42
"943",2012-08-29,8562,16423,31.28
"944",2012-08-30,6776,16396,24.8
"945",2012-08-31,6793,16322,24.97
"946",2012-09-04,7048,15818,26.73
"947",2012-09-05,7002,14226,29.53
"948",2012-09-06,8565,16759,30.66
"949",2012-09-07,7537,14900,30.35
"950",2012-09-10,8135,16932,28.83
"951",2012-09-11,7842,17526,26.85
"952",2012-09-12,8954,17687,30.37
"953",2012-09-13,12758,17780,43.05
"954",2012-09-14,7918,17022,27.91
"955",2012-09-17,7337,15061,29.23
"956",2012-09-18,7878,16732,28.25
"957",2012-09-19,7688,16860,27.36
"958",2012-09-20,6234,16293,22.96
"959",2012-09-21,7194,16604,26
"960",2012-09-24,7746,16128,28.82
"961",2012-09-25,6378,15351,24.93
"962",2012-09-26,8323,17151,29.12
"963",2012-09-27,7627,16942,27.01
"964",2012-09-28,7227,14904,29.09
"965",2012-10-01,7531,16387,27.57
"966",2012-10-02,7532,16869,26.79
"967",2012-10-03,7262,14842,29.36
"968",2012-10-04,7570,15748,28.84
"969",2012-10-05,6454,16671,23.23
"970",2012-10-09,5844,14050,24.96
"971",2012-10-10,8006,14107,34.05
"972",2012-10-11,7145,15487,27.68
"973",2012-10-12,6659,13019,30.69
"974",2012-10-15,6009,13580,26.55
"975",2012-10-16,6779,14190,28.66
"976",2012-10-17,7456,13790,32.44
"977",2012-10-18,5993,12594,28.55
"978",2012-10-19,6451,12040,32.15
"979",2012-10-22,9892,17998,32.98
"980",2012-10-23,9806,17233,34.14
"981",2012-10-24,9901,17313,34.31
"982",2012-10-25,8927,17359,30.86
"983",2012-10-26,8010,15283,31.45
"984",2012-10-29,8547,18153,28.25
"985",2012-10-30,8844,18592,28.54
"986",2012-10-31,10056,17608,34.27
"987",2012-11-01,7086,13460,31.59
"988",2012-11-02,7297,15897,27.54
"989",2012-11-03,6922,11473,36.2
"990",2012-11-04,7293,11806,37.06
"991",2012-11-05,9748,16397,35.67
"992",2012-11-06,7855,16824,28.01
"993",2012-11-07,8040,15975,30.2
"994",2012-11-08,7798,15463,30.26
"995",2012-11-09,9180,16347,33.69
"996",2012-11-13,7628,16975,26.96
"997",2012-11-14,7570,15571,29.17
"998",2012-11-15,7490,16772,26.79
"999",2012-11-16,7810,14769,31.73
"1000",2012-11-19,8514,14236,35.88
"1001",2012-11-20,9413,15257,37.02
"1002",2012-11-21,9483,15147,37.56
"1003",2012-11-23,8329,13205,37.84
"1004",2012-11-24,7028,11401,36.99
"1005",2012-11-26,9464,15402,36.87
"1006",2012-11-27,9179,14798,37.22
"1007",2012-11-28,10847,15615,41.68
"1008",2012-11-29,10194,15154,40.36
"1009",2012-11-30,9033,14594,37.14
"1010",2012-12-01,8094,12139,40.01
"1011",2012-12-02,5931,8844,40.24
"1012",2012-12-03,9471,16319,34.82
"1013",2012-12-04,9575,17027,33.74
"1014",2012-12-05,10568,17780,35.66
"1015",2012-12-06,9572,17338,33.12
"1016",2012-12-07,10175,16449,37.11
"1017",2012-12-10,9170,15363,35.81
"1018",2012-12-11,9446,16460,34.43
"1019",2012-12-12,9614,15946,36.17
"1020",2012-12-13,9170,15929,34.54
"1021",2012-12-14,8965,16353,32.89
"1022",2012-12-17,8370,15174,33.1
"1023",2012-12-18,8775,14753,35.69
"1024",2012-12-19,8971,15091,35.67
"1025",2012-12-20,8642,16394,31.63
"1026",2012-12-21,8364,16128,31.12
"1027",2012-12-22,7305,12305,35.62
"1028",2012-12-23,5578,9826,34.06
"1029",2012-12-24,8216,15949,30.91
"1030",2012-12-26,7615,16415,27.83
"1031",2012-12-27,6907,15204,27.26
"1032",2012-12-28,6546,14991,26.2
"1033",2012-12-31,7413,16196,27.46
"1034",2013-01-02,6649,14716,27.11
"1035",2013-01-03,7632,16025,28.58
"1036",2013-01-04,6695,14131,28.43
"1037",2013-01-07,8816,15436,34.27
"1038",2013-01-08,9369,15727,35.74
"1039",2013-01-09,9329,16700,33.52
"1040",2013-01-10,7888,15913,29.74
"1041",2013-01-11,7161,15258,28.16
"1042",2013-01-14,6509,13638,28.64
"1043",2013-01-15,7022,14938,28.2
"1044",2013-01-16,8232,13149,37.56
"1045",2013-01-17,8255,15343,32.28
"1046",2013-01-18,8046,15097,31.98
"1047",2013-01-22,8143,15925,30.68
"1048",2013-01-23,8396,16578,30.39
"1049",2013-01-24,7904,15276,31.04
"1050",2013-01-25,8474,16166,31.45
"1051",2013-01-28,8140,15044,32.46
"1052",2013-01-29,5779,13810,25.11
"1053",2013-01-30,6241,14443,25.93
"1054",2013-01-31,6866,15259,27
"1055",2013-02-01,5956,14182,25.2
"1056",2013-02-04,6859,15971,25.77
"1057",2013-02-05,6242,16754,22.35
"1058",2013-02-06,7791,16361,28.57
"1059",2013-02-07,8410,15695,32.15
"1060",2013-02-08,7196,14572,29.63
"1061",2013-02-11,8774,16783,31.37
"1062",2013-02-12,8564,17111,30.03
"1063",2013-02-13,8167,16073,30.49
"1064",2013-02-14,7510,15215,29.62
"1065",2013-02-15,6844,14846,27.66
"1066",2013-02-16,5108,8696,35.24
"1067",2013-02-19,7684,15902,28.99
"1068",2013-02-20,7828,15177,30.95
"1069",2013-02-21,9161,17287,31.8
"1070",2013-02-22,8002,16084,29.85
"1071",2013-02-23,6888,10183,40.59
"1072",2013-02-24,5199,7875,39.61
"1073",2013-02-25,9330,17115,32.71
"1074",2013-02-26,7436,15460,28.86
"1075",2013-02-27,9035,17168,31.58
"1076",2013-02-28,9727,17551,33.25
"1077",2013-03-01,7047,13042,32.42
"1078",2013-03-04,8057,15250,31.7
"1079",2013-03-05,8021,15447,31.16
"1080",2013-03-06,9454,16121,35.19
"1081",2013-03-07,8103,15556,31.25
"1082",2013-03-08,7297,14522,30.15
"1083",2013-03-11,7928,15306,31.08
"1084",2013-03-12,8671,15895,32.73
"1085",2013-03-13,7709,16099,28.73
"1086",2013-03-14,7785,15807,29.55
"1087",2013-03-15,8055,14245,33.93
"1088",2013-03-18,7617,15617,29.26
"1089",2013-03-19,8510,16953,30.12
"1090",2013-03-20,5970,16473,21.74
"1091",2013-03-21,8347,16671,30.04
"1092",2013-03-22,7097,14530,29.31
"1093",2013-03-25,7942,16147,29.51
"1094",2013-03-26,7707,16217,28.51
"1095",2013-03-27,7388,15228,29.11
"1096",2013-03-28,8948,17076,31.44
"1097",2013-03-29,4812,14946,19.32
"1098",2013-04-01,6982,14864,28.18
"1099",2013-04-02,6775,14247,28.53
"1100",2013-04-03,8054,15671,30.84
"1101",2013-04-04,8263,15265,32.48
"1102",2013-04-05,7832,15661,30.01
"1103",2013-04-08,7812,15684,29.89
"1104",2013-04-09,7703,16825,27.47
"1105",2013-04-10,9044,17010,31.9
"1106",2013-04-11,8532,17415,29.4
"1107",2013-04-12,6970,17072,24.5
"1108",2013-04-15,6696,16396,24.5
"1109",2013-04-16,7199,16218,26.63
"1110",2013-04-17,7731,17293,26.82
"1111",2013-04-18,7897,16802,28.2
"1112",2013-04-19,8448,16111,31.46
"1113",2013-04-22,8455,17595,28.83
"1114",2013-04-23,10351,16156,38.44
"1115",2013-04-24,8865,16628,31.99
"1116",2013-04-25,7576,15909,28.57
"1117",2013-04-26,8586,17624,29.23
"1118",2013-04-29,6847,16817,24.43
"1119",2013-04-30,7587,17598,25.87
"1120",2013-05-01,7813,17023,27.54
"1121",2013-05-02,7877,15444,30.6
"1122",2013-05-03,6994,14687,28.57
"1123",2013-05-06,7182,14535,29.65
"1124",2013-05-07,8667,16830,30.9
"1125",2013-05-08,8811,16932,31.22
"1126",2013-05-09,8484,15948,31.92
"1127",2013-05-10,7859,14869,31.71
"1128",2013-05-13,6922,15768,26.34
"1129",2013-05-14,6789,17515,23.26
"1130",2013-05-15,7313,16650,26.35
"1131",2013-05-16,6922,17168,24.19
"1132",2013-05-17,8109,15753,30.89
"1133",2013-05-20,8016,16369,29.38
"1134",2013-05-21,7422,15162,29.37
"1135",2013-05-22,8378,16146,31.13
"1136",2013-05-23,8078,17039,28.45
"1137",2013-05-24,7099,15323,27.8
"1138",2013-05-28,6583,16020,24.66
"1139",2013-05-29,7604,15738,28.99
"1140",2013-05-30,7419,15175,29.33
"1141",2013-05-31,7381,15985,27.7
"1142",2013-06-03,7117,16251,26.28
"1143",2013-06-04,7601,17770,25.66
"1144",2013-06-05,7918,17383,27.33
"1145",2013-06-06,8879,17337,30.73
"1146",2013-06-07,8131,17773,27.45
"1147",2013-06-10,7595,17053,26.72
"1148",2013-06-11,7684,17437,26.44
"1149",2013-06-12,8460,16912,30.01
"1150",2013-06-13,7350,15421,28.6
"1151",2013-06-14,6885,15532,26.6
"1152",2013-06-17,6762,15701,25.84
"1153",2013-06-18,7248,16447,26.44
"1154",2013-06-19,7432,15397,28.96
"1155",2013-06-20,6752,15217,26.62
"1156",2013-06-21,6597,15023,26.35
"1157",2013-06-24,7314,15400,28.5
"1158",2013-06-25,5340,14301,22.4
"1159",2013-06-26,6232,15101,24.76
"1160",2013-06-27,7136,15105,28.35
"1161",2013-06-28,7825,16102,29.16
"1162",2013-07-01,7755,16086,28.93
"1163",2013-07-02,6580,14668,26.92
"1164",2013-07-03,7115,15628,27.32
"1165",2013-07-05,8090,15493,31.33
"1166",2013-07-08,7280,15560,28.07
"1167",2013-07-09,7536,15528,29.12
"1168",2013-07-10,7929,16719,28.46
"1169",2013-07-11,7455,15540,28.78
"1170",2013-07-12,7158,15107,28.43
"1171",2013-07-15,6762,14408,28.16
"1172",2013-07-16,8509,16247,31.42
"1173",2013-07-17,6962,15736,26.55
"1174",2013-07-18,7629,15292,29.93
"1175",2013-07-19,6561,13692,28.75
"1176",2013-07-22,7469,15559,28.8
"1177",2013-07-23,7327,16426,26.76
"1178",2013-07-24,7074,14628,29.02
"1179",2013-07-25,7213,13869,31.2
"1180",2013-07-26,7474,14446,31.04
"1181",2013-07-29,6356,15612,24.43
"1182",2013-07-30,6417,15012,25.65
"1183",2013-07-31,6778,15469,26.29
"1184",2013-08-01,6777,14549,27.95
"1185",2013-08-02,8115,15547,31.32
"1186",2013-08-05,7108,14527,29.36
"1187",2013-08-06,7305,15686,27.94
"1188",2013-08-07,5724,14304,24.01
"1189",2013-08-08,4145,15752,15.79
"1190",2013-08-09,3956,14007,16.95
"1191",2013-08-12,7682,14525,31.73
"1192",2013-08-13,7195,15655,27.58
"1193",2013-08-14,6755,15602,25.98
"1194",2013-08-15,8096,17551,27.68
"1195",2013-08-16,7459,14927,29.98
"1196",2013-08-19,6655,15482,25.79
"1197",2013-08-20,6602,15872,24.96
"1198",2013-08-21,8957,15494,34.69
"1199",2013-08-22,7264,14611,29.83
"1200",2013-08-23,6478,14543,26.73
"1201",2013-08-26,8082,17363,27.93
"1202",2013-08-27,6898,16656,24.85
"1203",2013-08-28,6716,16226,24.83
"1204",2013-08-29,6096,15545,23.53
"1205",2013-08-30,6367,16726,22.84
"1206",2013-09-03,7027,14756,28.57
"1207",2013-09-04,7166,15973,26.92
"1208",2013-09-05,7950,15499,30.78
"1209",2013-09-06,7736,15216,30.5
"1210",2013-09-09,7838,17333,27.13
"1211",2013-09-10,8320,17488,28.55
"1212",2013-09-11,6481,17287,22.49
"1213",2013-09-12,8421,16495,30.63
"1214",2013-09-13,6739,16104,25.11
"1215",2013-09-16,9427,17100,33.08
"1216",2013-09-17,5234,16478,19.06
"1217",2013-09-18,7072,17670,24.01
"1218",2013-09-19,5906,17144,20.67
"1219",2013-09-20,6496,16427,23.73
"1220",2013-09-23,5774,15829,21.89
"1221",2013-09-24,5641,17292,19.57
"1222",2013-09-25,6252,15838,23.68
"1223",2013-09-26,7472,16973,26.41
"1224",2013-09-27,6493,15273,25.51
"1225",2013-09-30,6525,16156,24.23
"1226",2013-10-01,4946,13952,21.27
"1227",2013-10-02,7253,15245,28.55
"1228",2013-10-03,6602,15699,25.23
"1229",2013-10-04,6408,15281,25.16
"1230",2013-10-07,6620,14097,28.18
"1231",2013-10-08,6307,16569,22.84
"1232",2013-10-09,6465,16582,23.39
"1233",2013-10-10,6346,16277,23.39
"1234",2013-10-11,6072,16516,22.06
"1235",2013-10-15,5955,16604,21.52
"1236",2013-10-16,6337,15799,24.07
"1237",2013-10-17,5746,16682,20.67
"1238",2013-10-18,7889,16143,29.32
"1239",2013-10-21,5296,16037,19.81
"1240",2013-10-22,5529,16283,20.37
"1241",2013-10-23,6029,15381,23.52
"1242",2013-10-24,8511,17732,28.8
"1243",2013-10-25,6189,15718,23.63
"1244",2013-10-28,6734,16129,25.05
"1245",2013-10-29,6051,16194,22.42
"1246",2013-10-30,6299,15116,25
"1247",2013-10-31,5001,13840,21.68
"1248",2013-11-01,6273,13619,27.64
"1249",2013-11-04,6754,14575,27.8
"1250",2013-11-05,6641,15452,25.79
"1251",2013-11-06,7852,14343,32.85
"1252",2013-11-07,9138,14646,37.44
"1253",2013-11-08,6416,14022,27.45
"1254",2013-11-12,8732,17620,29.73
"1255",2013-11-13,8052,16670,28.98
"1256",2013-11-14,7873,14826,31.86
"1257",2013-11-15,8031,16091,29.95
"1258",2013-11-18,7083,15452,27.5
"1259",2013-11-19,7046,16335,25.88
"1260",2013-11-20,7509,15150,29.74
"1261",2013-11-21,7645,14970,30.64
"1262",2013-11-22,7682,13706,33.63
"1263",2013-11-25,7852,13766,34.22
"1264",2013-11-26,7431,16859,26.45
"1265",2013-11-27,5912,15864,22.36
"1266",2013-12-02,8733,15595,33.6
"1267",2013-12-03,7179,13261,32.48
"1268",2013-12-04,7877,12840,36.81
"1269",2013-12-05,7783,14289,32.68
"1270",2013-12-06,7489,15113,29.73
"1271",2013-12-09,7148,14164,30.28
"1272",2013-12-10,4788,14038,20.46
"1273",2013-12-11,7356,13236,33.35
"1274",2013-12-12,6484,13634,28.53
"1275",2013-12-13,6856,14568,28.24
"1276",2013-12-16,5450,15037,21.75
"1277",2013-12-17,5689,14493,23.55
"1278",2013-12-18,6106,14596,25.1
"1279",2013-12-19,5701,14403,23.75
"1280",2013-12-20,5576,12695,26.35
"1281",2013-12-23,7009,14383,29.24
"1282",2013-12-24,4494,10890,24.76
"1283",2013-12-26,4366,13521,19.37
"1284",2013-12-27,5986,14038,25.58
"1285",2013-12-30,6488,13647,28.52
"1286",2013-12-31,5900,14216,24.9
"1287",2014-01-02,5075,14303,21.29
"1288",2014-01-03,4001,12802,18.75
"1289",2014-01-06,5731,14782,23.26
"1290",2014-01-07,4823,15710,18.42
"1291",2014-01-08,4292,12943,19.9
"1292",2014-01-09,5634,16619,20.34
"1293",2014-01-10,4487,13715,19.63
"1294",2014-01-13,5249,15002,20.99
"1295",2014-01-14,4568,16315,16.8
"1296",2014-01-15,4751,15279,18.66
"1297",2014-01-16,4423,14550,18.24
"1298",2014-01-17,5202,13624,22.91
"1299",2014-01-21,5232,14830,21.17
"1300",2014-01-22,4126,12453,19.88
"1301",2014-01-23,5886,12991,27.18
"1302",2014-01-24,6089,13281,27.51
"1303",2014-01-27,6471,15593,24.9
"1304",2014-01-28,5580,13931,24.03
"1305",2014-01-29,6879,14355,28.75
"1306",2014-01-30,5677,15676,21.73
"1307",2014-01-31,5067,12347,24.62
"1308",2014-02-03,5057,12378,24.51
"1309",2014-02-04,5659,15304,22.19
"1310",2014-02-05,5630,14997,22.52
"1311",2014-02-06,4914,13425,21.96
"1312",2014-02-07,4582,11709,23.48
"1313",2014-02-10,5080,16863,18.08
"1314",2014-02-11,4869,16338,17.88
"1315",2014-02-12,6092,16481,22.18
"1316",2014-02-13,5759,14448,23.92
"1317",2014-02-14,4427,14828,17.91
"1318",2014-02-18,4791,15085,19.06
"1319",2014-02-19,2924,12348,14.21
"1320",2014-02-20,4796,11725,24.54
"1321",2014-02-21,5789,14864,23.37
"1322",2014-02-24,5881,15492,22.78
"1323",2014-02-25,6332,14020,27.1
"1324",2014-02-26,6204,15817,23.53
"1325",2014-02-27,5721,15740,21.81
"1326",2014-02-28,5748,14561,23.69
"1327",2014-03-03,4519,16356,16.58
"1328",2014-03-04,4771,13384,21.39
"1329",2014-03-05,5051,13231,22.91
"1330",2014-03-06,5851,13563,25.88
"1331",2014-03-07,3669,14462,15.22
"1332",2014-03-10,3619,13440,16.16
"1333",2014-03-11,4751,14683,19.41
"1334",2014-03-12,5004,15956,18.82
"1335",2014-03-13,4275,15115,16.97
"1336",2014-03-14,5409,15325,21.18
"1337",2014-03-17,4153,14703,16.95
"1338",2014-03-18,4900,14406,20.41
"1339",2014-03-19,5328,14655,21.81
"1340",2014-03-20,6247,14661,25.57
"1341",2014-03-21,3897,13795,16.95
"1342",2014-03-24,5083,13702,22.26
"1343",2014-03-25,7412,14428,30.82
"1344",2014-03-26,5821,15383,22.7
"1345",2014-03-27,6004,14522,24.81
"1346",2014-03-28,4891,14303,20.52
"1347",2014-03-31,5898,15279,23.16
"1348",2014-04-01,5039,13568,22.28
"1349",2014-04-02,6282,14907,25.28
"1350",2014-04-03,6274,14703,25.6
"1351",2014-04-04,5716,14005,24.49
"1352",2014-04-07,7455,15055,29.71
"1353",2014-04-08,5133,13331,23.1
"1354",2014-04-09,3626,11190,19.44
"1355",2014-04-10,5056,15472,19.61
"1356",2014-04-11,5594,14162,23.7
"1357",2014-04-14,5314,15086,21.13
"1358",2014-04-15,5875,14908,23.65
"1359",2014-04-16,6255,15298,24.53
"1360",2014-04-17,6020,14346,25.18
"1361",2014-04-18,4680,11591,24.23
"1362",2014-04-21,5310,13836,23.03
"1363",2014-04-22,6122,14448,25.42
"1364",2014-04-23,7526,15742,28.69
"1365",2014-04-24,5968,13753,26.04
"1366",2014-04-25,5853,13736,25.57
"1367",2014-04-28,6644,16978,23.48
"1368",2014-04-29,6236,14866,25.17
"1369",2014-04-30,6382,15452,24.78
"1370",2014-05-01,6340,15051,25.27
"1371",2014-05-02,6249,14967,25.05
"1372",2014-05-05,6405,14263,26.94
"1373",2014-05-06,4729,12778,22.21
"1374",2014-05-07,5673,16247,20.95
"1375",2014-05-08,5897,14528,24.35
"1376",2014-05-09,5688,13958,24.45
"1377",2014-05-12,4655,15125,18.47
"1378",2014-05-13,5022,14783,20.38
"1379",2014-05-14,5523,16256,20.39
"1380",2014-05-15,4511,15037,18
"1381",2014-05-16,5405,12051,26.91
"1382",2014-05-19,5315,13995,22.79
"1383",2014-05-20,5206,13707,22.79
"1384",2014-05-21,5423,13004,25.02
"1385",2014-05-22,4905,13302,22.12
"1386",2014-05-23,6552,14015,28.05
"1387",2014-05-27,6151,13928,26.5
"1388",2014-05-28,5980,13507,26.56
"1389",2014-05-29,4806,15299,18.85
"1390",2014-05-30,5189,15857,19.63
"1391",2014-06-02,6150,14794,24.94
"1392",2014-06-03,5641,12924,26.19
"1393",2014-06-04,6651,15407,25.9
"1394",2014-06-05,5583,14172,23.64
"1395",2014-06-06,4777,12763,22.46
"1396",2014-06-09,5698,13598,25.14
"1397",2014-06-10,4760,10926,26.14
"1398",2014-06-11,5902,13869,25.53
"1399",2014-06-12,5777,14773,23.46
"1400",2014-06-13,5599,14621,22.98
"1401",2014-06-16,4330,12206,21.28
"1402",2014-06-17,4659,13214,21.15
"1403",2014-06-18,5371,13943,23.11
"1404",2014-06-19,5433,13820,23.59
"1405",2014-06-20,4437,12405,21.46
"1406",2014-06-23,4960,12588,23.64
"1407",2014-06-24,5651,12581,26.95
"1408",2014-06-25,5637,13751,24.6
"1409",2014-06-26,5548,13282,25.06
"1410",2014-06-27,4972,12117,24.62
"1411",2014-06-30,5499,12448,26.51
"1412",2014-07-01,5913,14175,25.03
"1413",2014-07-02,6002,13812,26.07
"1414",2014-07-03,5467,13361,24.55
"1415",2014-07-07,5542,13066,25.45
"1416",2014-07-08,4739,14381,19.77
"1417",2014-07-09,5670,14498,23.47
"1418",2014-07-10,6399,13900,27.62
"1419",2014-07-11,5080,12372,24.64
"1420",2014-07-14,5922,13614,26.1
"1421",2014-07-15,6177,14446,25.66
"1422",2014-07-16,5496,13123,25.13
"1423",2014-07-17,5919,14934,23.78
"1424",2014-07-18,5613,13330,25.26
"1425",2014-07-21,4641,14598,19.08
"1426",2014-07-22,5539,13004,25.56
"1427",2014-07-23,3752,14846,15.16
"1428",2014-07-24,6146,14833,24.86
"1429",2014-07-25,6718,15860,25.41
"1430",2014-07-28,6411,14714,26.14
"1431",2014-07-29,4870,14281,20.46
"1432",2014-07-30,6558,14360,27.4
"1433",2014-07-31,5636,13942,24.25
"1434",2014-08-01,4365,11544,22.69
"1435",2014-08-04,4212,13249,19.07
"1436",2014-08-05,4757,12315,23.18
"1437",2014-08-06,5410,13893,23.36
"1438",2014-08-07,2973,6918,25.78
